name,surname,age,email
Karrah,Filon,32,kfilon0@google.com
Gris,Sarjent,35,gsarjent1@cdc.gov
Wesley,Chaves,64,wchaves2@amazon.com
Kynthia,Limprecht,41,klimprecht3@miitbeian.gov.cn
Torrin,Shovelbottom,37,tshovelbottom4@so-net.ne.jp
Debora,Weippert,49,dweippert5@howstuffworks.com
Hendrick,Arnke,49,harnke6@youtu.be
Stormy,Willford,33,swillford7@elegantthemes.com
Karlan,Gonzales,45,kgonzales8@blogspot.com
Betti,Plenty,36,bplenty9@printfriendly.com
